timeStamp,elapsed,label,responseCode,responseMessage,threadName,dataType,success,failureMessage,bytes,sentBytes,grpThreads,allThreads,URL,Latency,IdleTime,Connect
1703253155225,16,Characters,200,OK,Home Work 17 1-24,text,true,,257,126,25,25,http://localhost:3001/characters,4,0,1
1703253155152,89,Characters,200,OK,Home Work 17 1-7,text,true,,257,126,25,25,http://localhost:3001/characters,76,0,48
1703253155196,45,Characters,200,OK,Home Work 17 1-21,text,true,,257,126,25,25,http://localhost:3001/characters,32,0,3
1703253155155,86,Characters,200,OK,Home Work 17 1-17,text,true,,257,126,25,25,http://localhost:3001/characters,73,0,45
1703253155151,90,Characters,200,OK,Home Work 17 1-13,text,true,,257,126,25,25,http://localhost:3001/characters,77,0,48
1703253155206,35,Characters,200,OK,Home Work 17 1-22,text,true,,257,126,25,25,http://localhost:3001/characters,22,0,1
1703253155152,89,Characters,200,OK,Home Work 17 1-11,text,true,,257,126,25,25,http://localhost:3001/characters,76,0,48
1703253155151,90,Characters,200,OK,Home Work 17 1-6,text,true,,257,126,25,25,http://localhost:3001/characters,77,0,48
1703253155152,89,Characters,200,OK,Home Work 17 1-4,text,true,,257,126,25,25,http://localhost:3001/characters,76,0,48
1703253155151,90,Characters,200,OK,Home Work 17 1-8,text,true,,257,126,25,25,http://localhost:3001/characters,77,0,49
1703253155216,25,Characters,200,OK,Home Work 17 1-23,text,true,,257,126,25,25,http://localhost:3001/characters,12,0,1
1703253155234,7,Characters,200,OK,Home Work 17 1-25,text,true,,257,126,25,25,http://localhost:3001/characters,4,0,1
1703253155152,89,Characters,200,OK,Home Work 17 1-12,text,true,,257,126,25,25,http://localhost:3001/characters,76,0,48
1703253155152,89,Characters,200,OK,Home Work 17 1-9,text,true,,257,126,25,25,http://localhost:3001/characters,76,0,48
1703253155151,90,Characters,200,OK,Home Work 17 1-15,text,true,,257,126,25,25,http://localhost:3001/characters,77,0,49
1703253155151,90,Characters,200,OK,Home Work 17 1-5,text,true,,257,126,25,25,http://localhost:3001/characters,77,0,49
1703253155151,90,Characters,200,OK,Home Work 17 1-2,text,true,,257,126,25,25,http://localhost:3001/characters,77,0,49
1703253155186,55,Characters,200,OK,Home Work 17 1-20,text,true,,257,126,25,25,http://localhost:3001/characters,42,0,14
1703253155175,66,Characters,200,OK,Home Work 17 1-19,text,true,,257,126,25,25,http://localhost:3001/characters,53,0,25
1703253155151,90,Characters,200,OK,Home Work 17 1-1,text,true,,257,126,25,25,http://localhost:3001/characters,77,0,49
1703253155151,90,Characters,200,OK,Home Work 17 1-16,text,true,,257,126,25,25,http://localhost:3001/characters,77,0,49
1703253155152,89,Characters,200,OK,Home Work 17 1-3,text,true,,257,126,25,25,http://localhost:3001/characters,76,0,47
1703253155152,89,Characters,200,OK,Home Work 17 1-14,text,true,,257,126,25,25,http://localhost:3001/characters,76,0,47
1703253155151,90,Characters,200,OK,Home Work 17 1-10,text,true,,257,126,25,25,http://localhost:3001/characters,77,0,49
1703253155165,76,Characters,200,OK,Home Work 17 1-18,text,true,,257,126,25,25,http://localhost:3001/characters,63,0,35
1703253155246,3,Characters by ID,200,OK,Home Work 17 1-2,text,true,,235,127,26,26,http://localhost:3001/character/1,3,0,0
1703253155245,5,Characters by ID,200,OK,Home Work 17 1-15,text,true,,235,127,26,26,http://localhost:3001/character/1,5,0,0
1703253155246,5,Characters by ID,200,OK,Home Work 17 1-24,text,true,,235,127,26,26,http://localhost:3001/character/1,5,0,0
1703253155245,6,Characters by ID,200,OK,Home Work 17 1-20,text,true,,235,127,26,26,http://localhost:3001/character/1,6,0,0
1703253155245,7,Characters by ID,200,OK,Home Work 17 1-8,text,true,,235,127,26,26,http://localhost:3001/character/1,7,0,0
1703253155246,6,Characters by ID,200,OK,Home Work 17 1-16,text,true,,235,127,26,26,http://localhost:3001/character/1,6,0,0
1703253155245,8,Characters by ID,200,OK,Home Work 17 1-22,text,true,,235,127,26,26,http://localhost:3001/character/1,8,0,0
1703253155245,8,Characters by ID,200,OK,Home Work 17 1-9,text,true,,235,127,26,26,http://localhost:3001/character/1,8,0,0
1703253155245,8,Characters by ID,200,OK,Home Work 17 1-6,text,true,,235,127,26,26,http://localhost:3001/character/1,8,0,0
1703253155245,9,Characters by ID,200,OK,Home Work 17 1-5,text,true,,235,127,26,26,http://localhost:3001/character/1,9,0,0
1703253155245,9,Characters by ID,200,OK,Home Work 17 1-12,text,true,,235,127,26,26,http://localhost:3001/character/1,9,0,0
1703253155246,8,Characters by ID,200,OK,Home Work 17 1-13,text,true,,235,127,26,26,http://localhost:3001/character/1,8,0,0
1703253155245,9,Characters by ID,200,OK,Home Work 17 1-11,text,true,,235,127,26,26,http://localhost:3001/character/1,9,0,0
1703253155245,10,Characters by ID,200,OK,Home Work 17 1-23,text,true,,235,127,26,26,http://localhost:3001/character/1,10,0,0
1703253155245,11,Characters by ID,200,OK,Home Work 17 1-19,text,true,,235,127,27,27,http://localhost:3001/character/1,11,0,0
1703253155245,11,Characters by ID,200,OK,Home Work 17 1-25,text,true,,235,127,27,27,http://localhost:3001/character/1,11,0,0
1703253155246,10,Characters by ID,200,OK,Home Work 17 1-18,text,true,,235,127,27,27,http://localhost:3001/character/1,10,0,0
1703253155245,12,Characters by ID,200,OK,Home Work 17 1-10,text,true,,235,127,27,27,http://localhost:3001/character/1,12,0,0
1703253155245,12,Characters by ID,200,OK,Home Work 17 1-3,text,true,,235,127,27,27,http://localhost:3001/character/1,12,0,0
1703253155245,13,Characters by ID,200,OK,Home Work 17 1-17,text,true,,235,127,27,27,http://localhost:3001/character/1,13,0,0
1703253155245,14,Characters by ID,200,OK,Home Work 17 1-4,text,true,,235,127,27,27,http://localhost:3001/character/1,14,0,0
1703253155246,14,Characters by ID,200,OK,Home Work 17 1-21,text,true,,235,127,27,27,http://localhost:3001/character/1,14,0,0
1703253155246,15,Characters by ID,200,OK,Home Work 17 1-1,text,true,,235,127,27,27,http://localhost:3001/character/1,15,0,0
1703253155246,15,Characters by ID,200,OK,Home Work 17 1-7,text,true,,235,127,27,27,http://localhost:3001/character/1,15,0,0
1703253155248,14,Characters by ID,200,OK,Home Work 17 1-14,text,true,,235,127,27,27,http://localhost:3001/character/1,14,0,0
1703253155252,11,Create character,200,OK,Home Work 17 1-8,text,true,,235,227,27,27,http://localhost:3001/character,10,0,0
1703253155252,11,Create character,200,OK,Home Work 17 1-16,text,true,,235,227,27,27,http://localhost:3001/character,11,0,0
1703253155253,11,Create character,200,OK,Home Work 17 1-22,text,true,,235,227,27,27,http://localhost:3001/character,11,0,0
1703253155253,12,Create character,200,OK,Home Work 17 1-9,text,true,,235,227,27,27,http://localhost:3001/character,12,0,0
1703253155254,12,Create character,200,OK,Home Work 17 1-6,text,true,,235,227,28,28,http://localhost:3001/character,12,0,0
1703253155254,13,Create character,200,OK,Home Work 17 1-5,text,true,,235,227,28,28,http://localhost:3001/character,13,0,0
1703253155254,14,Create character,200,OK,Home Work 17 1-12,text,true,,235,227,28,28,http://localhost:3001/character,14,0,0
1703253155254,15,Create character,200,OK,Home Work 17 1-13,text,true,,235,227,28,28,http://localhost:3001/character,15,0,0
1703253155255,14,Create character,200,OK,Home Work 17 1-11,text,true,,235,227,28,28,http://localhost:3001/character,14,0,0
1703253155255,15,Create character,200,OK,Home Work 17 1-23,text,true,,235,227,28,28,http://localhost:3001/character,15,0,0
1703253155257,13,Create character,200,OK,Home Work 17 1-19,text,true,,235,227,28,28,http://localhost:3001/character,13,0,0
1703253155257,13,Create character,200,OK,Home Work 17 1-25,text,true,,235,227,28,28,http://localhost:3001/character,13,0,0
1703253155257,14,Create character,200,OK,Home Work 17 1-18,text,true,,235,227,28,28,http://localhost:3001/character,14,0,0
1703253155257,14,Create character,200,OK,Home Work 17 1-10,text,true,,235,227,28,28,http://localhost:3001/character,14,0,0
1703253155257,15,Create character,200,OK,Home Work 17 1-3,text,true,,235,227,28,28,http://localhost:3001/character,15,0,0
1703253155259,13,Create character,200,OK,Home Work 17 1-17,text,true,,235,227,28,28,http://localhost:3001/character,13,0,0
1703253155260,12,Create character,200,OK,Home Work 17 1-4,text,true,,235,227,28,28,http://localhost:3001/character,12,0,0
1703253155260,12,Create character,200,OK,Home Work 17 1-21,text,true,,235,227,28,28,http://localhost:3001/character,12,0,0
1703253155252,21,Create character,200,OK,Home Work 17 1-20,text,true,,235,227,28,28,http://localhost:3001/character,21,0,0
1703253155251,22,Create character,200,OK,Home Work 17 1-15,text,true,,235,227,28,28,http://localhost:3001/character,22,0,0
1703253155251,23,Create character,200,OK,Home Work 17 1-24,text,true,,235,227,28,28,http://localhost:3001/character,23,0,0
1703253155250,24,Create character,200,OK,Home Work 17 1-2,text,true,,235,227,28,28,http://localhost:3001/character,24,0,0
1703253155248,26,Characters,200,OK,Home Work 17 1-26,text,true,,323,126,28,28,http://localhost:3001/characters,26,0,1
1703253155263,12,Change character,200,OK,Home Work 17 1-8,text,true,,235,229,29,29,http://localhost:3001/character/4,12,0,0
1703253155264,11,Change character,200,OK,Home Work 17 1-16,text,true,,235,229,29,29,http://localhost:3001/character/4,11,0,0
1703253155264,12,Change character,200,OK,Home Work 17 1-22,text,true,,235,229,29,29,http://localhost:3001/character/4,12,0,0
1703253155265,11,Change character,200,OK,Home Work 17 1-9,text,true,,235,229,29,29,http://localhost:3001/character/4,11,0,0
1703253155266,11,Change character,200,OK,Home Work 17 1-6,text,true,,235,229,29,29,http://localhost:3001/character/4,11,0,0
1703253155267,11,Change character,200,OK,Home Work 17 1-5,text,true,,235,229,29,29,http://localhost:3001/character/4,11,0,0
1703253155268,10,Change character,200,OK,Home Work 17 1-12,text,true,,235,229,29,29,http://localhost:3001/character/4,10,0,0
1703253155270,8,Change character,200,OK,Home Work 17 1-13,text,true,,235,229,29,29,http://localhost:3001/character/4,8,0,0
1703253155270,9,Change character,200,OK,Home Work 17 1-11,text,true,,235,229,29,29,http://localhost:3001/character/4,9,0,0
1703253155270,10,Change character,200,OK,Home Work 17 1-23,text,true,,235,229,29,29,http://localhost:3001/character/4,10,0,0
1703253155270,11,Change character,200,OK,Home Work 17 1-19,text,true,,235,229,29,29,http://localhost:3001/character/4,11,0,0
1703253155271,11,Change character,200,OK,Home Work 17 1-25,text,true,,235,229,29,29,http://localhost:3001/character/4,11,0,0
1703253155271,12,Change character,200,OK,Home Work 17 1-18,text,true,,235,229,29,29,http://localhost:3001/character/4,12,0,0
1703253155271,12,Change character,200,OK,Home Work 17 1-10,text,true,,235,229,29,29,http://localhost:3001/character/4,12,0,0
1703253155272,12,Change character,200,OK,Home Work 17 1-3,text,true,,235,229,29,29,http://localhost:3001/character/4,12,0,0
1703253155272,14,Change character,200,OK,Home Work 17 1-17,text,true,,235,229,30,30,http://localhost:3001/character/4,14,0,0
1703253155272,15,Change character,200,OK,Home Work 17 1-4,text,true,,235,229,30,30,http://localhost:3001/character/4,15,0,0
1703253155273,15,Change character,200,OK,Home Work 17 1-21,text,true,,235,229,30,30,http://localhost:3001/character/4,15,0,0
1703253155261,29,Create character,200,OK,Home Work 17 1-1,text,true,,235,227,30,30,http://localhost:3001/character,29,0,0
1703253155262,28,Create character,200,OK,Home Work 17 1-7,text,true,,235,227,30,30,http://localhost:3001/character,28,0,0
1703253155262,29,Create character,200,OK,Home Work 17 1-14,text,true,,235,227,30,30,http://localhost:3001/character,29,0,0
1703253155256,36,Characters,200,OK,Home Work 17 1-27,text,true,,332,126,30,30,http://localhost:3001/characters,36,0,2
1703253155276,17,Delete character,200,OK,Home Work 17 1-8,text,true,,249,232,30,30,http://localhost:3001/character/4,17,0,0
1703253155276,18,Delete character,200,OK,Home Work 17 1-16,text,true,,249,232,30,30,http://localhost:3001/character/4,18,0,0
1703253155276,18,Delete character,200,OK,Home Work 17 1-22,text,true,,249,232,31,31,http://localhost:3001/character/4,18,0,0
1703253155276,19,Delete character,200,OK,Home Work 17 1-9,text,true,,249,232,31,31,http://localhost:3001/character/4,19,0,0
1703253155278,18,Delete character,200,OK,Home Work 17 1-6,text,true,,249,232,27,27,http://localhost:3001/character/4,18,0,0
1703253155278,19,Delete character,200,OK,Home Work 17 1-5,text,true,,249,232,27,27,http://localhost:3001/character/4,19,0,0
1703253155278,19,Delete character,200,OK,Home Work 17 1-12,text,true,,249,232,26,26,http://localhost:3001/character/4,19,0,0
1703253155279,19,Delete character,200,OK,Home Work 17 1-13,text,true,,249,232,24,24,http://localhost:3001/character/4,19,0,0
1703253155280,19,Delete character,200,OK,Home Work 17 1-11,text,true,,249,232,24,24,http://localhost:3001/character/4,19,0,0
1703253155280,19,Delete character,200,OK,Home Work 17 1-23,text,true,,249,232,23,23,http://localhost:3001/character/4,19,0,0
1703253155281,19,Delete character,200,OK,Home Work 17 1-19,text,true,,249,232,22,22,http://localhost:3001/character/4,19,0,0
1703253155282,19,Delete character,200,OK,Home Work 17 1-25,text,true,,249,232,20,20,http://localhost:3001/character/4,19,0,0
1703253155283,19,Delete character,200,OK,Home Work 17 1-18,text,true,,249,232,20,20,http://localhost:3001/character/4,19,0,0
1703253155284,19,Delete character,200,OK,Home Work 17 1-10,text,true,,249,232,18,18,http://localhost:3001/character/4,19,0,0
1703253155284,20,Delete character,200,OK,Home Work 17 1-3,text,true,,249,232,18,18,http://localhost:3001/character/4,20,0,0
1703253155287,18,Delete character,200,OK,Home Work 17 1-17,text,true,,249,232,17,17,http://localhost:3001/character/4,18,0,0
1703253155288,17,Delete character,200,OK,Home Work 17 1-4,text,true,,249,232,17,17,http://localhost:3001/character/4,17,0,0
1703253155289,18,Delete character,200,OK,Home Work 17 1-21,text,true,,249,232,15,15,http://localhost:3001/character/4,18,0,0
1703253155290,18,Change character,200,OK,Home Work 17 1-1,text,true,,235,229,15,15,http://localhost:3001/character/4,18,0,0
1703253155291,18,Change character,200,OK,Home Work 17 1-7,text,true,,235,229,14,14,http://localhost:3001/character/4,18,0,0
1703253155273,36,Change character,200,OK,Home Work 17 1-20,text,true,,235,229,14,14,http://localhost:3001/character/4,36,0,0
1703253155274,36,Change character,200,OK,Home Work 17 1-2,text,true,,235,229,14,14,http://localhost:3001/character/4,36,0,0
1703253155274,36,Change character,200,OK,Home Work 17 1-24,text,true,,235,229,14,14,http://localhost:3001/character/4,36,0,0
1703253155274,37,Change character,200,OK,Home Work 17 1-15,text,true,,235,229,14,14,http://localhost:3001/character/4,37,0,0
1703253155275,36,Characters by ID,200,OK,Home Work 17 1-26,text,true,,235,127,14,14,http://localhost:3001/character/1,36,0,0
1703253155266,46,Characters,200,OK,Home Work 17 1-28,text,true,,278,126,14,14,http://localhost:3001/characters,46,0,2
1703253155308,5,Delete character,200,OK,Home Work 17 1-1,text,true,,249,232,14,14,http://localhost:3001/character/4,5,0,0
1703253155309,4,Delete character,200,OK,Home Work 17 1-7,text,true,,249,232,14,14,http://localhost:3001/character/4,4,0,0
1703253155310,4,Delete character,200,OK,Home Work 17 1-20,text,true,,249,232,14,14,http://localhost:3001/character/4,4,0,0
1703253155310,4,Delete character,200,OK,Home Work 17 1-2,text,true,,249,232,12,12,http://localhost:3001/character/4,4,0,0
1703253155292,23,Change character,200,OK,Home Work 17 1-14,text,true,,235,229,12,12,http://localhost:3001/character/4,23,0,0
1703253155293,22,Characters by ID,200,OK,Home Work 17 1-27,text,true,,235,127,12,12,http://localhost:3001/character/1,22,0,0
1703253155276,41,Characters,200,OK,Home Work 17 1-29,text,true,,266,126,11,11,http://localhost:3001/characters,40,0,1
1703253155311,7,Delete character,200,OK,Home Work 17 1-24,text,true,,249,232,11,11,http://localhost:3001/character/4,7,0,0
1703253155311,7,Delete character,200,OK,Home Work 17 1-15,text,true,,249,232,11,11,http://localhost:3001/character/4,7,0,0
1703253155312,7,Characters by ID,200,OK,Home Work 17 1-28,text,true,,235,127,11,10,http://localhost:3001/character/1,7,0,0
1703253155312,8,Create character,200,OK,Home Work 17 1-26,text,true,,235,227,9,9,http://localhost:3001/character,8,0,0
1703253155285,35,Characters,200,OK,Home Work 17 1-30,text,true,,263,126,9,9,http://localhost:3001/characters,35,0,1
1703253155315,6,Create character,200,OK,Home Work 17 1-27,text,true,,235,227,9,9,http://localhost:3001/character,6,0,0
1703253155315,6,Delete character,200,OK,Home Work 17 1-14,text,true,,249,232,9,9,http://localhost:3001/character/4,6,0,0
1703253155317,5,Characters by ID,200,OK,Home Work 17 1-29,text,true,,235,127,8,8,http://localhost:3001/character/1,5,0,0
1703253155295,28,Characters,200,OK,Home Work 17 1-31,text,true,,263,126,8,8,http://localhost:3001/characters,28,0,1
1703253155322,3,Change character,200,OK,Home Work 17 1-27,text,true,,235,229,9,9,http://localhost:3001/character/4,3,0,0
1703253155319,6,Create character,200,OK,Home Work 17 1-28,text,true,,235,227,9,9,http://localhost:3001/character,6,0,0
1703253155320,6,Change character,200,OK,Home Work 17 1-26,text,true,,235,229,9,9,http://localhost:3001/character/4,6,0,0
1703253155321,6,Characters by ID,200,OK,Home Work 17 1-30,text,true,,235,127,9,9,http://localhost:3001/character/1,6,0,0
1703253155304,24,Characters,200,OK,Home Work 17 1-32,text,true,,266,126,9,9,http://localhost:3001/characters,24,0,1
1703253155325,4,Delete character,200,OK,Home Work 17 1-27,text,true,,249,232,9,9,http://localhost:3001/character/4,4,0,0
1703253155326,4,Change character,200,OK,Home Work 17 1-28,text,true,,235,229,8,8,http://localhost:3001/character/4,3,0,0
1703253155326,4,Delete character,200,OK,Home Work 17 1-26,text,true,,249,232,8,8,http://localhost:3001/character/4,4,0,0
1703253155323,8,Create character,200,OK,Home Work 17 1-29,text,true,,235,227,7,7,http://localhost:3001/character,8,0,0
1703253155324,7,Characters by ID,200,OK,Home Work 17 1-31,text,true,,235,127,7,7,http://localhost:3001/character/1,7,0,0
1703253155315,17,Characters,200,OK,Home Work 17 1-33,text,true,,263,126,7,7,http://localhost:3001/characters,17,0,2
1703253155330,2,Delete character,200,OK,Home Work 17 1-28,text,true,,249,232,7,7,http://localhost:3001/character/4,2,0,0
1703253155327,6,Create character,200,OK,Home Work 17 1-30,text,true,,235,227,7,7,http://localhost:3001/character,6,0,0
1703253155328,5,Characters by ID,200,OK,Home Work 17 1-32,text,true,,235,127,6,6,http://localhost:3001/character/1,5,0,0
1703253155324,10,Characters,200,OK,Home Work 17 1-34,text,true,,263,126,6,6,http://localhost:3001/characters,10,0,1
1703253155331,4,Change character,200,OK,Home Work 17 1-29,text,true,,235,229,7,7,http://localhost:3001/character/4,4,0,0
1703253155331,4,Create character,200,OK,Home Work 17 1-31,text,true,,235,227,7,7,http://localhost:3001/character,4,0,0
1703253155332,4,Characters by ID,200,OK,Home Work 17 1-33,text,true,,235,127,7,7,http://localhost:3001/character/1,4,0,0
1703253155333,3,Change character,200,OK,Home Work 17 1-30,text,true,,235,229,7,7,http://localhost:3001/character/4,3,0,0
1703253155334,3,Create character,200,OK,Home Work 17 1-32,text,true,,235,227,7,7,http://localhost:3001/character,3,0,0
1703253155334,3,Characters by ID,200,OK,Home Work 17 1-34,text,true,,235,127,7,7,http://localhost:3001/character/1,3,0,0
1703253155335,3,Delete character,200,OK,Home Work 17 1-29,text,true,,249,232,7,7,http://localhost:3001/character/4,3,0,0
1703253155336,3,Change character,200,OK,Home Work 17 1-31,text,true,,235,229,6,6,http://localhost:3001/character/4,3,0,0
1703253155336,4,Create character,200,OK,Home Work 17 1-33,text,true,,235,227,6,6,http://localhost:3001/character,4,0,0
1703253155337,3,Delete character,200,OK,Home Work 17 1-30,text,true,,249,232,6,6,http://localhost:3001/character/4,3,0,0
1703253155337,6,Change character,200,OK,Home Work 17 1-32,text,true,,235,229,5,5,http://localhost:3001/character/4,5,0,0
1703253155337,6,Create character,200,OK,Home Work 17 1-34,text,true,,235,227,5,5,http://localhost:3001/character,6,0,0
1703253155335,9,Characters,200,OK,Home Work 17 1-35,text,true,,269,126,6,6,http://localhost:3001/characters,9,0,1
1703253155340,4,Change character,200,OK,Home Work 17 1-33,text,true,,235,229,6,6,http://localhost:3001/character/4,4,0,0
1703253155340,5,Delete character,200,OK,Home Work 17 1-31,text,true,,249,232,6,6,http://localhost:3001/character/4,5,0,0
1703253155343,4,Delete character,200,OK,Home Work 17 1-32,text,true,,249,232,5,5,http://localhost:3001/character/4,4,0,0
1703253155343,4,Change character,200,OK,Home Work 17 1-34,text,true,,235,229,5,5,http://localhost:3001/character/4,4,0,0
1703253155344,3,Characters by ID,200,OK,Home Work 17 1-35,text,true,,235,127,5,5,http://localhost:3001/character/1,3,0,0
1703253155345,3,Delete character,200,OK,Home Work 17 1-33,text,true,,249,232,4,4,http://localhost:3001/character/4,3,0,0
1703253155344,5,Characters,200,OK,Home Work 17 1-36,text,true,,260,126,3,3,http://localhost:3001/characters,5,0,1
1703253155348,2,Create character,200,OK,Home Work 17 1-35,text,true,,235,227,3,3,http://localhost:3001/character,2,0,0
1703253155348,3,Delete character,200,OK,Home Work 17 1-34,text,true,,249,232,3,3,http://localhost:3001/character/4,3,0,0
1703253155350,2,Characters by ID,200,OK,Home Work 17 1-36,text,true,,235,127,2,2,http://localhost:3001/character/1,2,0,0
1703253155351,2,Change character,200,OK,Home Work 17 1-35,text,true,,235,229,2,2,http://localhost:3001/character/4,1,0,0
1703253155352,2,Create character,200,OK,Home Work 17 1-36,text,true,,235,227,2,2,http://localhost:3001/character,2,0,0
1703253155353,2,Delete character,200,OK,Home Work 17 1-35,text,true,,249,232,2,2,http://localhost:3001/character/4,2,0,0
1703253155354,2,Change character,200,OK,Home Work 17 1-36,text,true,,235,229,2,2,http://localhost:3001/character/4,2,0,0
1703253155357,2,Delete character,200,OK,Home Work 17 1-36,text,true,,249,232,2,2,http://localhost:3001/character/4,2,0,0
1703253155355,4,Characters,200,OK,Home Work 17 1-37,text,true,,260,126,2,2,http://localhost:3001/characters,4,0,1
1703253155359,3,Characters by ID,200,OK,Home Work 17 1-37,text,true,,235,127,1,1,http://localhost:3001/character/1,3,0,0
1703253155362,2,Create character,200,OK,Home Work 17 1-37,text,true,,235,227,2,2,http://localhost:3001/character,2,0,0
1703253155364,3,Change character,200,OK,Home Work 17 1-37,text,true,,235,229,2,2,http://localhost:3001/character/4,2,0,0
1703253155364,4,Characters,200,OK,Home Work 17 1-38,text,true,,260,126,2,2,http://localhost:3001/characters,3,0,1
1703253155367,2,Delete character,200,OK,Home Work 17 1-37,text,true,,249,232,2,2,http://localhost:3001/character/4,2,0,0
1703253155368,1,Characters by ID,200,OK,Home Work 17 1-38,text,true,,235,127,2,2,http://localhost:3001/character/1,1,0,0
1703253155370,1,Create character,200,OK,Home Work 17 1-38,text,true,,235,227,1,1,http://localhost:3001/character,1,0,0
1703253155372,1,Change character,200,OK,Home Work 17 1-38,text,true,,235,229,2,2,http://localhost:3001/character/4,1,0,0
1703253155374,2,Delete character,200,OK,Home Work 17 1-38,text,true,,249,232,2,2,http://localhost:3001/character/4,1,0,0
1703253155373,3,Characters,200,OK,Home Work 17 1-39,text,true,,257,126,2,2,http://localhost:3001/characters,3,0,1
1703253155376,2,Characters by ID,200,OK,Home Work 17 1-39,text,true,,235,127,1,1,http://localhost:3001/character/1,2,0,0
1703253155378,2,Create character,200,OK,Home Work 17 1-39,text,true,,235,227,1,1,http://localhost:3001/character,2,0,0
1703253155380,3,Change character,200,OK,Home Work 17 1-39,text,true,,235,229,1,1,http://localhost:3001/character/4,3,0,0
1703253155383,2,Delete character,200,OK,Home Work 17 1-39,text,true,,249,232,2,2,http://localhost:3001/character/4,2,0,0
1703253155384,5,Characters,200,OK,Home Work 17 1-40,text,true,,257,126,1,1,http://localhost:3001/characters,5,0,1
1703253155389,2,Characters by ID,200,OK,Home Work 17 1-40,text,true,,235,127,1,1,http://localhost:3001/character/1,2,0,0
1703253155391,1,Create character,200,OK,Home Work 17 1-40,text,true,,235,227,1,1,http://localhost:3001/character,1,0,0
1703253155393,2,Change character,200,OK,Home Work 17 1-40,text,true,,235,229,2,2,http://localhost:3001/character/4,1,0,0
1703253155395,1,Delete character,200,OK,Home Work 17 1-40,text,true,,249,232,2,2,http://localhost:3001/character/4,1,0,0
1703253155394,3,Characters,200,OK,Home Work 17 1-41,text,true,,257,126,2,2,http://localhost:3001/characters,3,0,1
1703253155397,1,Characters by ID,200,OK,Home Work 17 1-41,text,true,,235,127,1,1,http://localhost:3001/character/1,1,0,0
1703253155399,1,Create character,200,OK,Home Work 17 1-41,text,true,,235,227,1,1,http://localhost:3001/character,1,0,0
1703253155400,1,Change character,200,OK,Home Work 17 1-41,text,true,,235,229,1,1,http://localhost:3001/character/4,1,0,0
1703253155402,1,Delete character,200,OK,Home Work 17 1-41,text,true,,249,232,2,2,http://localhost:3001/character/4,1,0,0
1703253155403,2,Characters,200,OK,Home Work 17 1-42,text,true,,257,126,1,1,http://localhost:3001/characters,2,0,1
1703253155406,1,Characters by ID,200,OK,Home Work 17 1-42,text,true,,235,127,1,1,http://localhost:3001/character/1,1,0,0
1703253155407,1,Create character,200,OK,Home Work 17 1-42,text,true,,235,227,1,1,http://localhost:3001/character,1,0,0
1703253155409,1,Change character,200,OK,Home Work 17 1-42,text,true,,235,229,1,1,http://localhost:3001/character/4,1,0,0
1703253155410,1,Delete character,200,OK,Home Work 17 1-42,text,true,,249,232,1,1,http://localhost:3001/character/4,1,0,0
1703253155414,3,Characters,200,OK,Home Work 17 1-43,text,true,,257,126,1,1,http://localhost:3001/characters,3,0,1
1703253155417,1,Characters by ID,200,OK,Home Work 17 1-43,text,true,,235,127,1,1,http://localhost:3001/character/1,1,0,0
1703253155419,1,Create character,200,OK,Home Work 17 1-43,text,true,,235,227,1,1,http://localhost:3001/character,1,0,0
1703253155420,2,Change character,200,OK,Home Work 17 1-43,text,true,,235,229,1,1,http://localhost:3001/character/4,2,0,0
1703253155422,2,Delete character,200,OK,Home Work 17 1-43,text,true,,249,232,2,2,http://localhost:3001/character/4,2,0,0
1703253155424,3,Characters,200,OK,Home Work 17 1-44,text,true,,257,126,1,1,http://localhost:3001/characters,3,0,1
1703253155427,2,Characters by ID,200,OK,Home Work 17 1-44,text,true,,235,127,1,1,http://localhost:3001/character/1,2,0,0
1703253155429,2,Create character,200,OK,Home Work 17 1-44,text,true,,235,227,1,1,http://localhost:3001/character,2,0,0
1703253155431,1,Change character,200,OK,Home Work 17 1-44,text,true,,235,229,1,1,http://localhost:3001/character/4,1,0,0
1703253155432,2,Delete character,200,OK,Home Work 17 1-44,text,true,,249,232,2,2,http://localhost:3001/character/4,2,0,0
1703253155434,2,Characters,200,OK,Home Work 17 1-45,text,true,,257,126,1,1,http://localhost:3001/characters,2,0,1
1703253155436,2,Characters by ID,200,OK,Home Work 17 1-45,text,true,,235,127,1,1,http://localhost:3001/character/1,2,0,0
1703253155438,1,Create character,200,OK,Home Work 17 1-45,text,true,,235,227,1,1,http://localhost:3001/character,1,0,0
1703253155439,2,Change character,200,OK,Home Work 17 1-45,text,true,,235,229,1,1,http://localhost:3001/character/4,2,0,0
1703253155441,1,Delete character,200,OK,Home Work 17 1-45,text,true,,249,232,1,1,http://localhost:3001/character/4,1,0,0
1703253155444,3,Characters,200,OK,Home Work 17 1-46,text,true,,257,126,1,1,http://localhost:3001/characters,3,0,1
1703253155447,2,Characters by ID,200,OK,Home Work 17 1-46,text,true,,235,127,1,1,http://localhost:3001/character/1,2,0,0
1703253155449,1,Create character,200,OK,Home Work 17 1-46,text,true,,235,227,1,1,http://localhost:3001/character,1,0,0
1703253155450,2,Change character,200,OK,Home Work 17 1-46,text,true,,235,229,1,1,http://localhost:3001/character/4,2,0,0
1703253155453,1,Delete character,200,OK,Home Work 17 1-46,text,true,,249,232,1,1,http://localhost:3001/character/4,1,0,0
1703253155455,3,Characters,200,OK,Home Work 17 1-47,text,true,,257,126,1,1,http://localhost:3001/characters,2,0,1
1703253155458,1,Characters by ID,200,OK,Home Work 17 1-47,text,true,,235,127,1,1,http://localhost:3001/character/1,1,0,0
1703253155459,1,Create character,200,OK,Home Work 17 1-47,text,true,,235,227,1,1,http://localhost:3001/character,1,0,0
1703253155461,1,Change character,200,OK,Home Work 17 1-47,text,true,,235,229,1,1,http://localhost:3001/character/4,1,0,0
1703253155462,2,Delete character,200,OK,Home Work 17 1-47,text,true,,249,232,1,1,http://localhost:3001/character/4,2,0,0
1703253155465,2,Characters,200,OK,Home Work 17 1-48,text,true,,257,126,1,1,http://localhost:3001/characters,2,0,1
1703253155468,1,Characters by ID,200,OK,Home Work 17 1-48,text,true,,235,127,1,1,http://localhost:3001/character/1,1,0,0
1703253155469,2,Create character,200,OK,Home Work 17 1-48,text,true,,235,227,1,1,http://localhost:3001/character,2,0,0
1703253155471,2,Change character,200,OK,Home Work 17 1-48,text,true,,235,229,1,1,http://localhost:3001/character/4,2,0,0
1703253155473,2,Delete character,200,OK,Home Work 17 1-48,text,true,,249,232,2,2,http://localhost:3001/character/4,2,0,0
1703253155474,3,Characters,200,OK,Home Work 17 1-49,text,true,,257,126,1,1,http://localhost:3001/characters,3,0,1
1703253155477,2,Characters by ID,200,OK,Home Work 17 1-49,text,true,,235,127,1,1,http://localhost:3001/character/1,2,0,0
1703253155479,2,Create character,200,OK,Home Work 17 1-49,text,true,,235,227,1,1,http://localhost:3001/character,2,0,0
1703253155481,2,Change character,200,OK,Home Work 17 1-49,text,true,,235,229,2,2,http://localhost:3001/character/4,2,0,0
1703253155483,2,Delete character,200,OK,Home Work 17 1-49,text,true,,249,232,2,2,http://localhost:3001/character/4,2,0,0
1703253155483,3,Characters,200,OK,Home Work 17 1-50,text,true,,257,126,1,1,http://localhost:3001/characters,3,0,1
1703253155486,1,Characters by ID,200,OK,Home Work 17 1-50,text,true,,235,127,1,1,http://localhost:3001/character/1,1,0,0
1703253155487,2,Create character,200,OK,Home Work 17 1-50,text,true,,235,227,1,1,http://localhost:3001/character,2,0,0
1703253155489,2,Change character,200,OK,Home Work 17 1-50,text,true,,235,229,1,1,http://localhost:3001/character/4,2,0,0
1703253155491,2,Delete character,200,OK,Home Work 17 1-50,text,true,,249,232,1,1,http://localhost:3001/character/4,2,0,0
1703253155495,2,Characters,200,OK,Home Work 17 1-51,text,true,,257,126,1,1,http://localhost:3001/characters,2,0,0
1703253155498,2,Characters by ID,200,OK,Home Work 17 1-51,text,true,,235,127,1,1,http://localhost:3001/character/1,2,0,0
1703253155500,2,Create character,200,OK,Home Work 17 1-51,text,true,,235,227,1,1,http://localhost:3001/character,2,0,0
1703253155502,2,Change character,200,OK,Home Work 17 1-51,text,true,,235,229,2,2,http://localhost:3001/character/4,2,0,0
1703253155504,2,Delete character,200,OK,Home Work 17 1-51,text,true,,249,232,2,2,http://localhost:3001/character/4,2,0,0
1703253155504,3,Characters,200,OK,Home Work 17 1-52,text,true,,257,126,2,2,http://localhost:3001/characters,3,0,1
1703253155507,2,Characters by ID,200,OK,Home Work 17 1-52,text,true,,235,127,1,1,http://localhost:3001/character/1,2,0,0
1703253155510,2,Create character,200,OK,Home Work 17 1-52,text,true,,235,227,1,1,http://localhost:3001/character,2,0,0
1703253155513,2,Change character,200,OK,Home Work 17 1-52,text,true,,235,229,2,2,http://localhost:3001/character/4,2,0,0
1703253155515,3,Delete character,200,OK,Home Work 17 1-52,text,true,,249,232,2,2,http://localhost:3001/character/4,2,0,0
1703253155515,3,Characters,200,OK,Home Work 17 1-53,text,true,,257,126,1,1,http://localhost:3001/characters,3,0,1
1703253155519,2,Characters by ID,200,OK,Home Work 17 1-53,text,true,,235,127,1,1,http://localhost:3001/character/1,2,0,0
1703253155521,2,Create character,200,OK,Home Work 17 1-53,text,true,,235,227,1,1,http://localhost:3001/character,2,0,0
1703253155523,3,Change character,200,OK,Home Work 17 1-53,text,true,,235,229,2,2,http://localhost:3001/character/4,3,0,0
1703253155524,5,Characters,200,OK,Home Work 17 1-54,text,true,,260,126,2,2,http://localhost:3001/characters,5,0,2
1703253155527,3,Delete character,200,OK,Home Work 17 1-53,text,true,,249,232,2,2,http://localhost:3001/character/4,3,0,0
1703253155530,3,Characters by ID,200,OK,Home Work 17 1-54,text,true,,235,127,1,1,http://localhost:3001/character/1,3,0,0
1703253155533,3,Create character,200,OK,Home Work 17 1-54,text,true,,235,227,2,2,http://localhost:3001/character,3,0,0
1703253155536,3,Change character,200,OK,Home Work 17 1-54,text,true,,235,229,2,2,http://localhost:3001/character/4,2,0,0
1703253155536,4,Characters,200,OK,Home Work 17 1-55,text,true,,260,126,2,2,http://localhost:3001/characters,4,0,0
1703253155539,3,Delete character,200,OK,Home Work 17 1-54,text,true,,249,232,2,2,http://localhost:3001/character/4,3,0,0
1703253155540,2,Characters by ID,200,OK,Home Work 17 1-55,text,true,,235,127,2,2,http://localhost:3001/character/1,2,0,0
1703253155543,2,Create character,200,OK,Home Work 17 1-55,text,true,,235,227,2,2,http://localhost:3001/character,2,0,0
1703253155546,2,Change character,200,OK,Home Work 17 1-55,text,true,,235,229,2,2,http://localhost:3001/character/4,2,0,0
1703253155546,3,Characters,200,OK,Home Work 17 1-56,text,true,,260,126,2,2,http://localhost:3001/characters,3,0,1
1703253155549,2,Delete character,200,OK,Home Work 17 1-55,text,true,,249,232,2,2,http://localhost:3001/character/4,2,0,0
1703253155550,2,Characters by ID,200,OK,Home Work 17 1-56,text,true,,235,127,1,1,http://localhost:3001/character/1,2,0,0
1703253155553,2,Create character,200,OK,Home Work 17 1-56,text,true,,235,227,1,1,http://localhost:3001/character,2,0,0
1703253155555,3,Change character,200,OK,Home Work 17 1-56,text,true,,235,229,2,2,http://localhost:3001/character/4,3,0,0
1703253155557,3,Characters,200,OK,Home Work 17 1-57,text,true,,260,126,2,2,http://localhost:3001/characters,3,0,1
1703253155558,2,Delete character,200,OK,Home Work 17 1-56,text,true,,249,232,2,2,http://localhost:3001/character/4,2,0,0
1703253155561,2,Characters by ID,200,OK,Home Work 17 1-57,text,true,,235,127,1,1,http://localhost:3001/character/1,2,0,0
1703253155563,2,Create character,200,OK,Home Work 17 1-57,text,true,,235,227,2,2,http://localhost:3001/character,2,0,0
1703253155565,3,Change character,200,OK,Home Work 17 1-57,text,true,,235,229,2,2,http://localhost:3001/character/4,3,0,0
1703253155565,4,Characters,200,OK,Home Work 17 1-58,text,true,,260,126,2,2,http://localhost:3001/characters,4,0,1
1703253155568,3,Delete character,200,OK,Home Work 17 1-57,text,true,,249,232,2,2,http://localhost:3001/character/4,3,0,0
1703253155569,3,Characters by ID,200,OK,Home Work 17 1-58,text,true,,235,127,1,1,http://localhost:3001/character/1,3,0,0
1703253155572,3,Create character,200,OK,Home Work 17 1-58,text,true,,235,227,2,2,http://localhost:3001/character,3,0,0
1703253155575,2,Change character,200,OK,Home Work 17 1-58,text,true,,235,229,2,2,http://localhost:3001/character/4,2,0,0
1703253155575,3,Characters,200,OK,Home Work 17 1-59,text,true,,260,126,2,2,http://localhost:3001/characters,3,0,1
1703253155578,2,Delete character,200,OK,Home Work 17 1-58,text,true,,249,232,2,2,http://localhost:3001/character/4,2,0,0
1703253155578,3,Characters by ID,200,OK,Home Work 17 1-59,text,true,,235,127,2,2,http://localhost:3001/character/1,3,0,0
1703253155581,3,Create character,200,OK,Home Work 17 1-59,text,true,,235,227,1,1,http://localhost:3001/character,2,0,0
1703253155584,3,Change character,200,OK,Home Work 17 1-59,text,true,,235,229,2,2,http://localhost:3001/character/4,3,0,0
1703253155585,4,Characters,200,OK,Home Work 17 1-60,text,true,,260,126,2,2,http://localhost:3001/characters,4,0,1
1703253155587,2,Delete character,200,OK,Home Work 17 1-59,text,true,,249,232,2,2,http://localhost:3001/character/4,2,0,0
1703253155589,3,Characters by ID,200,OK,Home Work 17 1-60,text,true,,235,127,1,1,http://localhost:3001/character/1,3,0,0
1703253155592,3,Create character,200,OK,Home Work 17 1-60,text,true,,235,227,1,1,http://localhost:3001/character,3,0,0
1703253155595,3,Change character,200,OK,Home Work 17 1-60,text,true,,235,229,2,2,http://localhost:3001/character/4,3,0,0
1703253155597,4,Characters,200,OK,Home Work 17 1-61,text,true,,260,126,2,2,http://localhost:3001/characters,4,0,1
1703253155598,3,Delete character,200,OK,Home Work 17 1-60,text,true,,249,232,2,2,http://localhost:3001/character/4,3,0,0
1703253155601,3,Characters by ID,200,OK,Home Work 17 1-61,text,true,,235,127,1,1,http://localhost:3001/character/1,2,0,0
1703253155604,3,Create character,200,OK,Home Work 17 1-61,text,true,,235,227,2,2,http://localhost:3001/character,3,0,0
1703253155604,4,Characters,200,OK,Home Work 17 1-62,text,true,,260,126,2,2,http://localhost:3001/characters,4,0,1
1703253155607,2,Change character,200,OK,Home Work 17 1-61,text,true,,235,229,2,2,http://localhost:3001/character/4,2,0,0
1703253155608,2,Characters by ID,200,OK,Home Work 17 1-62,text,true,,235,127,2,2,http://localhost:3001/character/1,2,0,0
1703253155609,2,Delete character,200,OK,Home Work 17 1-61,text,true,,249,232,2,2,http://localhost:3001/character/4,2,0,0
1703253155610,2,Create character,200,OK,Home Work 17 1-62,text,true,,235,227,1,1,http://localhost:3001/character,2,0,0
1703253155613,2,Change character,200,OK,Home Work 17 1-62,text,true,,235,229,2,2,http://localhost:3001/character/4,2,0,0
1703253155615,2,Delete character,200,OK,Home Work 17 1-62,text,true,,249,232,2,2,http://localhost:3001/character/4,2,0,0
1703253155614,4,Characters,200,OK,Home Work 17 1-63,text,true,,257,126,1,1,http://localhost:3001/characters,4,0,1
1703253155619,2,Characters by ID,200,OK,Home Work 17 1-63,text,true,,235,127,1,1,http://localhost:3001/character/1,2,0,0
1703253155621,2,Create character,200,OK,Home Work 17 1-63,text,true,,235,227,1,1,http://localhost:3001/character,2,0,0
1703253155623,2,Change character,200,OK,Home Work 17 1-63,text,true,,235,229,2,2,http://localhost:3001/character/4,2,0,0
1703253155624,4,Characters,200,OK,Home Work 17 1-64,text,true,,260,126,2,2,http://localhost:3001/characters,4,0,1
1703253155626,2,Delete character,200,OK,Home Work 17 1-63,text,true,,249,232,2,2,http://localhost:3001/character/4,2,0,0
1703253155628,2,Characters by ID,200,OK,Home Work 17 1-64,text,true,,235,127,1,1,http://localhost:3001/character/1,2,0,0
1703253155630,2,Create character,200,OK,Home Work 17 1-64,text,true,,235,227,1,1,http://localhost:3001/character,2,0,0
1703253155632,2,Change character,200,OK,Home Work 17 1-64,text,true,,235,229,2,2,http://localhost:3001/character/4,2,0,0
1703253155635,2,Delete character,200,OK,Home Work 17 1-64,text,true,,249,232,2,2,http://localhost:3001/character/4,2,0,0
1703253155634,3,Characters,200,OK,Home Work 17 1-65,text,true,,257,126,2,2,http://localhost:3001/characters,3,0,1
1703253155638,1,Characters by ID,200,OK,Home Work 17 1-65,text,true,,235,127,1,1,http://localhost:3001/character/1,1,0,0
1703253155640,1,Create character,200,OK,Home Work 17 1-65,text,true,,235,227,1,1,http://localhost:3001/character,1,0,0
1703253155641,2,Change character,200,OK,Home Work 17 1-65,text,true,,235,229,1,1,http://localhost:3001/character/4,2,0,0
1703253155643,2,Delete character,200,OK,Home Work 17 1-65,text,true,,249,232,2,2,http://localhost:3001/character/4,2,0,0
1703253155644,3,Characters,200,OK,Home Work 17 1-66,text,true,,257,126,1,1,http://localhost:3001/characters,3,0,1
1703253155648,1,Characters by ID,200,OK,Home Work 17 1-66,text,true,,235,127,1,1,http://localhost:3001/character/1,1,0,0
1703253155650,1,Create character,200,OK,Home Work 17 1-66,text,true,,235,227,1,1,http://localhost:3001/character,1,0,0
1703253155651,2,Change character,200,OK,Home Work 17 1-66,text,true,,235,229,2,2,http://localhost:3001/character/4,2,0,0
1703253155654,1,Delete character,200,OK,Home Work 17 1-66,text,true,,249,232,2,2,http://localhost:3001/character/4,1,0,0
1703253155654,2,Characters,200,OK,Home Work 17 1-67,text,true,,257,126,1,1,http://localhost:3001/characters,2,0,1
1703253155657,1,Characters by ID,200,OK,Home Work 17 1-67,text,true,,235,127,1,1,http://localhost:3001/character/1,1,0,0
1703253155658,1,Create character,200,OK,Home Work 17 1-67,text,true,,235,227,1,1,http://localhost:3001/character,1,0,0
1703253155659,1,Change character,200,OK,Home Work 17 1-67,text,true,,235,229,1,1,http://localhost:3001/character/4,1,0,0
1703253155660,1,Delete character,200,OK,Home Work 17 1-67,text,true,,249,232,1,1,http://localhost:3001/character/4,1,0,0
1703253155664,2,Characters,200,OK,Home Work 17 1-68,text,true,,257,126,1,1,http://localhost:3001/characters,2,0,1
1703253155666,2,Characters by ID,200,OK,Home Work 17 1-68,text,true,,235,127,1,1,http://localhost:3001/character/1,2,0,0
1703253155668,1,Create character,200,OK,Home Work 17 1-68,text,true,,235,227,1,1,http://localhost:3001/character,1,0,0
1703253155669,1,Change character,200,OK,Home Work 17 1-68,text,true,,235,229,1,1,http://localhost:3001/character/4,1,0,0
1703253155670,1,Delete character,200,OK,Home Work 17 1-68,text,true,,249,232,1,1,http://localhost:3001/character/4,1,0,0
1703253155674,3,Characters,200,OK,Home Work 17 1-69,text,true,,257,126,1,1,http://localhost:3001/characters,3,0,1
1703253155677,2,Characters by ID,200,OK,Home Work 17 1-69,text,true,,235,127,1,1,http://localhost:3001/character/1,2,0,0
1703253155679,1,Create character,200,OK,Home Work 17 1-69,text,true,,235,227,1,1,http://localhost:3001/character,1,0,0
1703253155681,1,Change character,200,OK,Home Work 17 1-69,text,true,,235,229,1,1,http://localhost:3001/character/4,1,0,0
1703253155683,2,Delete character,200,OK,Home Work 17 1-69,text,true,,249,232,2,2,http://localhost:3001/character/4,2,0,0
1703253155684,3,Characters,200,OK,Home Work 17 1-70,text,true,,257,126,1,1,http://localhost:3001/characters,3,0,1
1703253155687,1,Characters by ID,200,OK,Home Work 17 1-70,text,true,,235,127,1,1,http://localhost:3001/character/1,1,0,0
1703253155688,1,Create character,200,OK,Home Work 17 1-70,text,true,,235,227,1,1,http://localhost:3001/character,1,0,0
1703253155689,1,Change character,200,OK,Home Work 17 1-70,text,true,,235,229,1,1,http://localhost:3001/character/4,1,0,0
1703253155691,1,Delete character,200,OK,Home Work 17 1-70,text,true,,249,232,1,1,http://localhost:3001/character/4,1,0,0
1703253155693,3,Characters,200,OK,Home Work 17 1-71,text,true,,257,126,1,1,http://localhost:3001/characters,3,0,1
1703253155697,1,Characters by ID,200,OK,Home Work 17 1-71,text,true,,235,127,1,1,http://localhost:3001/character/1,1,0,0
1703253155698,1,Create character,200,OK,Home Work 17 1-71,text,true,,235,227,1,1,http://localhost:3001/character,1,0,0
1703253155699,1,Change character,200,OK,Home Work 17 1-71,text,true,,235,229,1,1,http://localhost:3001/character/4,1,0,0
1703253155700,1,Delete character,200,OK,Home Work 17 1-71,text,true,,249,232,1,1,http://localhost:3001/character/4,1,0,0
1703253155704,2,Characters,200,OK,Home Work 17 1-72,text,true,,257,126,1,1,http://localhost:3001/characters,2,0,0
1703253155706,2,Characters by ID,200,OK,Home Work 17 1-72,text,true,,235,127,1,1,http://localhost:3001/character/1,2,0,0
1703253155708,1,Create character,200,OK,Home Work 17 1-72,text,true,,235,227,1,1,http://localhost:3001/character,1,0,0
1703253155709,2,Change character,200,OK,Home Work 17 1-72,text,true,,235,229,1,1,http://localhost:3001/character/4,2,0,0
1703253155711,1,Delete character,200,OK,Home Work 17 1-72,text,true,,249,232,1,1,http://localhost:3001/character/4,1,0,0
1703253155714,2,Characters,200,OK,Home Work 17 1-73,text,true,,257,126,1,1,http://localhost:3001/characters,2,0,0
1703253155716,1,Characters by ID,200,OK,Home Work 17 1-73,text,true,,235,127,1,1,http://localhost:3001/character/1,1,0,0
1703253155717,2,Create character,200,OK,Home Work 17 1-73,text,true,,235,227,1,1,http://localhost:3001/character,2,0,0
1703253155719,1,Change character,200,OK,Home Work 17 1-73,text,true,,235,229,1,1,http://localhost:3001/character/4,1,0,0
1703253155720,1,Delete character,200,OK,Home Work 17 1-73,text,true,,249,232,1,1,http://localhost:3001/character/4,1,0,0
1703253155724,2,Characters,200,OK,Home Work 17 1-74,text,true,,257,126,1,1,http://localhost:3001/characters,2,0,0
1703253155726,1,Characters by ID,200,OK,Home Work 17 1-74,text,true,,235,127,1,1,http://localhost:3001/character/1,1,0,0
1703253155728,1,Create character,200,OK,Home Work 17 1-74,text,true,,235,227,1,1,http://localhost:3001/character,1,0,0
1703253155729,1,Change character,200,OK,Home Work 17 1-74,text,true,,235,229,1,1,http://localhost:3001/character/4,1,0,0
1703253155730,1,Delete character,200,OK,Home Work 17 1-74,text,true,,249,232,1,1,http://localhost:3001/character/4,1,0,0
1703253155735,2,Characters,200,OK,Home Work 17 1-75,text,true,,257,126,1,1,http://localhost:3001/characters,2,0,0
1703253155737,2,Characters by ID,200,OK,Home Work 17 1-75,text,true,,235,127,1,1,http://localhost:3001/character/1,2,0,0
1703253155739,2,Create character,200,OK,Home Work 17 1-75,text,true,,235,227,1,1,http://localhost:3001/character,2,0,0
1703253155741,1,Change character,200,OK,Home Work 17 1-75,text,true,,235,229,1,1,http://localhost:3001/character/4,1,0,0
1703253155742,2,Delete character,200,OK,Home Work 17 1-75,text,true,,249,232,2,2,http://localhost:3001/character/4,2,0,0
1703253155744,2,Characters,200,OK,Home Work 17 1-76,text,true,,257,126,1,1,http://localhost:3001/characters,2,0,0
1703253155746,2,Characters by ID,200,OK,Home Work 17 1-76,text,true,,235,127,1,1,http://localhost:3001/character/1,2,0,0
1703253155748,1,Create character,200,OK,Home Work 17 1-76,text,true,,235,227,1,1,http://localhost:3001/character,1,0,0
1703253155749,2,Change character,200,OK,Home Work 17 1-76,text,true,,235,229,1,1,http://localhost:3001/character/4,2,0,0
1703253155751,2,Delete character,200,OK,Home Work 17 1-76,text,true,,249,232,1,1,http://localhost:3001/character/4,2,0,0
1703253155754,2,Characters,200,OK,Home Work 17 1-77,text,true,,257,126,1,1,http://localhost:3001/characters,2,0,0
1703253155756,2,Characters by ID,200,OK,Home Work 17 1-77,text,true,,235,127,1,1,http://localhost:3001/character/1,2,0,0
1703253155758,2,Create character,200,OK,Home Work 17 1-77,text,true,,235,227,1,1,http://localhost:3001/character,2,0,0
1703253155760,1,Change character,200,OK,Home Work 17 1-77,text,true,,235,229,1,1,http://localhost:3001/character/4,1,0,0
1703253155761,2,Delete character,200,OK,Home Work 17 1-77,text,true,,249,232,1,1,http://localhost:3001/character/4,2,0,0
1703253155764,2,Characters,200,OK,Home Work 17 1-78,text,true,,257,126,1,1,http://localhost:3001/characters,2,0,0
1703253155766,2,Characters by ID,200,OK,Home Work 17 1-78,text,true,,235,127,1,1,http://localhost:3001/character/1,2,0,0
1703253155768,2,Create character,200,OK,Home Work 17 1-78,text,true,,235,227,1,1,http://localhost:3001/character,2,0,0
1703253155770,1,Change character,200,OK,Home Work 17 1-78,text,true,,235,229,1,1,http://localhost:3001/character/4,1,0,0
1703253155772,1,Delete character,200,OK,Home Work 17 1-78,text,true,,249,232,1,1,http://localhost:3001/character/4,1,0,0
1703253155775,2,Characters,200,OK,Home Work 17 1-79,text,true,,257,126,1,1,http://localhost:3001/characters,2,0,1
1703253155777,2,Characters by ID,200,OK,Home Work 17 1-79,text,true,,235,127,1,1,http://localhost:3001/character/1,2,0,0
1703253155779,1,Create character,200,OK,Home Work 17 1-79,text,true,,235,227,1,1,http://localhost:3001/character,1,0,0
1703253155781,1,Change character,200,OK,Home Work 17 1-79,text,true,,235,229,1,1,http://localhost:3001/character/4,1,0,0
1703253155782,2,Delete character,200,OK,Home Work 17 1-79,text,true,,249,232,2,2,http://localhost:3001/character/4,2,0,0
1703253155784,2,Characters,200,OK,Home Work 17 1-80,text,true,,257,126,1,1,http://localhost:3001/characters,2,0,0
1703253155786,2,Characters by ID,200,OK,Home Work 17 1-80,text,true,,235,127,1,1,http://localhost:3001/character/1,2,0,0
1703253155788,2,Create character,200,OK,Home Work 17 1-80,text,true,,235,227,1,1,http://localhost:3001/character,2,0,0
1703253155791,1,Change character,200,OK,Home Work 17 1-80,text,true,,235,229,1,1,http://localhost:3001/character/4,1,0,0
1703253155792,2,Delete character,200,OK,Home Work 17 1-80,text,true,,249,232,2,2,http://localhost:3001/character/4,2,0,0
1703253155794,3,Characters,200,OK,Home Work 17 1-81,text,true,,257,126,1,1,http://localhost:3001/characters,3,0,1
1703253155798,1,Characters by ID,200,OK,Home Work 17 1-81,text,true,,235,127,1,1,http://localhost:3001/character/1,1,0,0
1703253155800,1,Create character,200,OK,Home Work 17 1-81,text,true,,235,227,1,1,http://localhost:3001/character,1,0,0
1703253155801,2,Change character,200,OK,Home Work 17 1-81,text,true,,235,229,1,1,http://localhost:3001/character/4,2,0,0
1703253155803,2,Delete character,200,OK,Home Work 17 1-81,text,true,,249,232,2,2,http://localhost:3001/character/4,2,0,0
1703253155805,2,Characters,200,OK,Home Work 17 1-82,text,true,,257,126,1,1,http://localhost:3001/characters,2,0,0
1703253155807,1,Characters by ID,200,OK,Home Work 17 1-82,text,true,,235,127,1,1,http://localhost:3001/character/1,1,0,0
1703253155808,1,Create character,200,OK,Home Work 17 1-82,text,true,,235,227,1,1,http://localhost:3001/character,1,0,0
1703253155810,1,Change character,200,OK,Home Work 17 1-82,text,true,,235,229,1,1,http://localhost:3001/character/4,1,0,0
1703253155811,1,Delete character,200,OK,Home Work 17 1-82,text,true,,249,232,1,1,http://localhost:3001/character/4,1,0,0
1703253155814,2,Characters,200,OK,Home Work 17 1-83,text,true,,257,126,1,1,http://localhost:3001/characters,2,0,0
1703253155816,1,Characters by ID,200,OK,Home Work 17 1-83,text,true,,235,127,1,1,http://localhost:3001/character/1,1,0,0
1703253155817,1,Create character,200,OK,Home Work 17 1-83,text,true,,235,227,1,1,http://localhost:3001/character,1,0,0
1703253155819,1,Change character,200,OK,Home Work 17 1-83,text,true,,235,229,1,1,http://localhost:3001/character/4,1,0,0
1703253155820,1,Delete character,200,OK,Home Work 17 1-83,text,true,,249,232,1,1,http://localhost:3001/character/4,1,0,0
1703253155824,2,Characters,200,OK,Home Work 17 1-84,text,true,,257,126,1,1,http://localhost:3001/characters,2,0,0
1703253155826,1,Characters by ID,200,OK,Home Work 17 1-84,text,true,,235,127,1,1,http://localhost:3001/character/1,1,0,0
1703253155827,2,Create character,200,OK,Home Work 17 1-84,text,true,,235,227,1,1,http://localhost:3001/character,2,0,0
1703253155829,1,Change character,200,OK,Home Work 17 1-84,text,true,,235,229,1,1,http://localhost:3001/character/4,1,0,0
1703253155830,1,Delete character,200,OK,Home Work 17 1-84,text,true,,249,232,1,1,http://localhost:3001/character/4,1,0,0
1703253155835,3,Characters,200,OK,Home Work 17 1-85,text,true,,257,126,1,1,http://localhost:3001/characters,3,0,1
1703253155838,1,Characters by ID,200,OK,Home Work 17 1-85,text,true,,235,127,1,1,http://localhost:3001/character/1,1,0,0
1703253155839,1,Create character,200,OK,Home Work 17 1-85,text,true,,235,227,1,1,http://localhost:3001/character,1,0,0
1703253155840,2,Change character,200,OK,Home Work 17 1-85,text,true,,235,229,1,1,http://localhost:3001/character/4,2,0,0
1703253155842,1,Delete character,200,OK,Home Work 17 1-85,text,true,,249,232,1,1,http://localhost:3001/character/4,1,0,0
1703253155844,2,Characters,200,OK,Home Work 17 1-86,text,true,,257,126,1,1,http://localhost:3001/characters,2,0,0
1703253155847,1,Characters by ID,200,OK,Home Work 17 1-86,text,true,,235,127,1,1,http://localhost:3001/character/1,1,0,0
1703253155848,2,Create character,200,OK,Home Work 17 1-86,text,true,,235,227,1,1,http://localhost:3001/character,2,0,0
1703253155850,1,Change character,200,OK,Home Work 17 1-86,text,true,,235,229,1,1,http://localhost:3001/character/4,1,0,0
1703253155852,1,Delete character,200,OK,Home Work 17 1-86,text,true,,249,232,1,1,http://localhost:3001/character/4,1,0,0
1703253155854,2,Characters,200,OK,Home Work 17 1-87,text,true,,257,126,1,1,http://localhost:3001/characters,2,0,1
1703253155856,2,Characters by ID,200,OK,Home Work 17 1-87,text,true,,235,127,1,1,http://localhost:3001/character/1,2,0,0
1703253155858,1,Create character,200,OK,Home Work 17 1-87,text,true,,235,227,1,1,http://localhost:3001/character,1,0,0
1703253155859,2,Change character,200,OK,Home Work 17 1-87,text,true,,235,229,1,1,http://localhost:3001/character/4,2,0,0
1703253155861,2,Delete character,200,OK,Home Work 17 1-87,text,true,,249,232,1,1,http://localhost:3001/character/4,2,0,0
1703253155864,3,Characters,200,OK,Home Work 17 1-88,text,true,,257,126,1,1,http://localhost:3001/characters,3,0,1
1703253155867,1,Characters by ID,200,OK,Home Work 17 1-88,text,true,,235,127,1,1,http://localhost:3001/character/1,1,0,0
1703253155869,1,Create character,200,OK,Home Work 17 1-88,text,true,,235,227,1,1,http://localhost:3001/character,1,0,0
1703253155870,2,Change character,200,OK,Home Work 17 1-88,text,true,,235,229,1,1,http://localhost:3001/character/4,2,0,0
1703253155872,1,Delete character,200,OK,Home Work 17 1-88,text,true,,249,232,2,2,http://localhost:3001/character/4,1,0,0
1703253155873,2,Characters,200,OK,Home Work 17 1-89,text,true,,257,126,1,1,http://localhost:3001/characters,2,0,0
1703253155876,1,Characters by ID,200,OK,Home Work 17 1-89,text,true,,235,127,1,1,http://localhost:3001/character/1,1,0,0
1703253155877,2,Create character,200,OK,Home Work 17 1-89,text,true,,235,227,1,1,http://localhost:3001/character,2,0,0
1703253155879,1,Change character,200,OK,Home Work 17 1-89,text,true,,235,229,1,1,http://localhost:3001/character/4,1,0,0
1703253155881,1,Delete character,200,OK,Home Work 17 1-89,text,true,,249,232,1,1,http://localhost:3001/character/4,1,0,0
1703253155884,2,Characters,200,OK,Home Work 17 1-90,text,true,,257,126,1,1,http://localhost:3001/characters,2,0,0
1703253155886,1,Characters by ID,200,OK,Home Work 17 1-90,text,true,,235,127,1,1,http://localhost:3001/character/1,1,0,0
1703253155888,1,Create character,200,OK,Home Work 17 1-90,text,true,,235,227,1,1,http://localhost:3001/character,1,0,0
1703253155889,1,Change character,200,OK,Home Work 17 1-90,text,true,,235,229,1,1,http://localhost:3001/character/4,1,0,0
1703253155890,1,Delete character,200,OK,Home Work 17 1-90,text,true,,249,232,1,1,http://localhost:3001/character/4,1,0,0
1703253155894,3,Characters,200,OK,Home Work 17 1-91,text,true,,257,126,1,1,http://localhost:3001/characters,2,0,0
1703253155897,1,Characters by ID,200,OK,Home Work 17 1-91,text,true,,235,127,1,1,http://localhost:3001/character/1,1,0,0
1703253155898,1,Create character,200,OK,Home Work 17 1-91,text,true,,235,227,1,1,http://localhost:3001/character,1,0,0
1703253155899,1,Change character,200,OK,Home Work 17 1-91,text,true,,235,229,1,1,http://localhost:3001/character/4,1,0,0
1703253155901,1,Delete character,200,OK,Home Work 17 1-91,text,true,,249,232,1,1,http://localhost:3001/character/4,1,0,0
1703253155904,2,Characters,200,OK,Home Work 17 1-92,text,true,,257,126,1,1,http://localhost:3001/characters,2,0,0
1703253155906,1,Characters by ID,200,OK,Home Work 17 1-92,text,true,,235,127,1,1,http://localhost:3001/character/1,1,0,0
1703253155907,2,Create character,200,OK,Home Work 17 1-92,text,true,,235,227,1,1,http://localhost:3001/character,2,0,0
1703253155909,1,Change character,200,OK,Home Work 17 1-92,text,true,,235,229,1,1,http://localhost:3001/character/4,1,0,0
1703253155911,1,Delete character,200,OK,Home Work 17 1-92,text,true,,249,232,1,1,http://localhost:3001/character/4,1,0,0
1703253155914,2,Characters,200,OK,Home Work 17 1-93,text,true,,257,126,1,1,http://localhost:3001/characters,2,0,0
1703253155916,1,Characters by ID,200,OK,Home Work 17 1-93,text,true,,235,127,1,1,http://localhost:3001/character/1,1,0,0
1703253155917,1,Create character,200,OK,Home Work 17 1-93,text,true,,235,227,1,1,http://localhost:3001/character,1,0,0
1703253155918,2,Change character,200,OK,Home Work 17 1-93,text,true,,235,229,1,1,http://localhost:3001/character/4,2,0,0
1703253155920,1,Delete character,200,OK,Home Work 17 1-93,text,true,,249,232,1,1,http://localhost:3001/character/4,1,0,0
1703253155924,2,Characters,200,OK,Home Work 17 1-94,text,true,,257,126,1,1,http://localhost:3001/characters,2,0,0
1703253155927,1,Characters by ID,200,OK,Home Work 17 1-94,text,true,,235,127,1,1,http://localhost:3001/character/1,1,0,0
1703253155928,1,Create character,200,OK,Home Work 17 1-94,text,true,,235,227,1,1,http://localhost:3001/character,1,0,0
1703253155929,2,Change character,200,OK,Home Work 17 1-94,text,true,,235,229,1,1,http://localhost:3001/character/4,2,0,0
1703253155931,1,Delete character,200,OK,Home Work 17 1-94,text,true,,249,232,1,1,http://localhost:3001/character/4,1,0,0
1703253155934,3,Characters,200,OK,Home Work 17 1-95,text,true,,257,126,1,1,http://localhost:3001/characters,3,0,1
1703253155937,1,Characters by ID,200,OK,Home Work 17 1-95,text,true,,235,127,1,1,http://localhost:3001/character/1,1,0,0
1703253155938,2,Create character,200,OK,Home Work 17 1-95,text,true,,235,227,1,1,http://localhost:3001/character,2,0,0
1703253155940,2,Change character,200,OK,Home Work 17 1-95,text,true,,235,229,1,1,http://localhost:3001/character/4,2,0,0
1703253155942,3,Delete character,200,OK,Home Work 17 1-95,text,true,,249,232,2,2,http://localhost:3001/character/4,3,0,0
1703253155944,3,Characters,200,OK,Home Work 17 1-96,text,true,,257,126,1,1,http://localhost:3001/characters,3,0,1
1703253155947,2,Characters by ID,200,OK,Home Work 17 1-96,text,true,,235,127,1,1,http://localhost:3001/character/1,2,0,0
1703253155949,2,Create character,200,OK,Home Work 17 1-96,text,true,,235,227,1,1,http://localhost:3001/character,2,0,0
1703253155951,1,Change character,200,OK,Home Work 17 1-96,text,true,,235,229,1,1,http://localhost:3001/character/4,1,0,0
1703253155953,1,Delete character,200,OK,Home Work 17 1-96,text,true,,249,232,2,2,http://localhost:3001/character/4,1,0,0
1703253155954,4,Characters,200,OK,Home Work 17 1-97,text,true,,257,126,1,1,http://localhost:3001/characters,4,0,1
1703253155958,2,Characters by ID,200,OK,Home Work 17 1-97,text,true,,235,127,1,1,http://localhost:3001/character/1,2,0,0
1703253155960,1,Create character,200,OK,Home Work 17 1-97,text,true,,235,227,1,1,http://localhost:3001/character,1,0,0
1703253155961,2,Change character,200,OK,Home Work 17 1-97,text,true,,235,229,1,1,http://localhost:3001/character/4,2,0,0
1703253155963,1,Delete character,200,OK,Home Work 17 1-97,text,true,,249,232,2,2,http://localhost:3001/character/4,1,0,0
1703253155964,3,Characters,200,OK,Home Work 17 1-98,text,true,,257,126,1,1,http://localhost:3001/characters,3,0,1
1703253155967,2,Characters by ID,200,OK,Home Work 17 1-98,text,true,,235,127,1,1,http://localhost:3001/character/1,2,0,0
1703253155969,2,Create character,200,OK,Home Work 17 1-98,text,true,,235,227,1,1,http://localhost:3001/character,2,0,0
1703253155971,1,Change character,200,OK,Home Work 17 1-98,text,true,,235,229,1,1,http://localhost:3001/character/4,1,0,0
1703253155972,2,Delete character,200,OK,Home Work 17 1-98,text,true,,249,232,2,2,http://localhost:3001/character/4,2,0,0
1703253155974,2,Characters,200,OK,Home Work 17 1-99,text,true,,257,126,1,1,http://localhost:3001/characters,2,0,0
1703253155976,2,Characters by ID,200,OK,Home Work 17 1-99,text,true,,235,127,1,1,http://localhost:3001/character/1,2,0,0
1703253155978,1,Create character,200,OK,Home Work 17 1-99,text,true,,235,227,1,1,http://localhost:3001/character,1,0,0
1703253155979,1,Change character,200,OK,Home Work 17 1-99,text,true,,235,229,1,1,http://localhost:3001/character/4,1,0,0
1703253155980,2,Delete character,200,OK,Home Work 17 1-99,text,true,,249,232,1,1,http://localhost:3001/character/4,2,0,0
1703253155983,3,Characters,200,OK,Home Work 17 1-100,text,true,,257,126,1,1,http://localhost:3001/characters,3,0,1
1703253155986,1,Characters by ID,200,OK,Home Work 17 1-100,text,true,,235,127,1,1,http://localhost:3001/character/1,1,0,0
1703253155987,2,Create character,200,OK,Home Work 17 1-100,text,true,,235,227,1,1,http://localhost:3001/character,2,0,0
1703253155989,1,Change character,200,OK,Home Work 17 1-100,text,true,,235,229,1,1,http://localhost:3001/character/4,1,0,0
1703253155990,2,Delete character,200,OK,Home Work 17 1-100,text,true,,249,232,1,1,http://localhost:3001/character/4,1,0,0
